{
"lengthUnit": "mil",
"components": {
	"fields": ["COMPONENT_NO", "COMPONENT_NAME", "LAYER", "X_COORDINATE", "Y_COORDINATE", "ANGLE"],
	"rows": [
		[1, "C1", "T", 417, 485, 180],
		[2, "C2", "T", 417, 403, 180],
		[3, "C3", "T", 635, 65, 180],
		[4, "C4", "T", 660, 300, 270],
		[5, "C5", "T", 1742, 465, 0],
		[6, "C6", "T", 1742, 809, 0],
		[7, "C7", "T", 1635, 1720, 90],
		[8, "C8", "T", 1519.21, 1460, 270],
		[9, "C9", "T", 1340, 484.82, 270],
		[10, "C10", "T", 1603.62, 1459.99, 270],
		[11, "C11", "T", 1435, 1460, 270],
		[12, "H1", "T", 984.25, 459, 0],
		[13, "H3", "T", 1010, 1760, 0],
		[14, "LED1", "T", 294, 85, 0],
		[15, "Q1", "T", 1565.22, 474.63, 180],
		[16, "Q2", "T", 1565.22, 610.56, 180],
		[17, "R1", "T", 1739.2, 537, 180],
		[18, "R2", "T", 1739.2, 882, 180],
		[19, "R3", "T", 1340, 1722.19, 270],
		[20, "R4", "T", 1410, 1722.19, 270],
		[21, "R5", "T", 265, 170, 180],
		[22, "R6", "T", 1519, 1315, 270],
		[23, "R7", "T", 575, 1770, 0],
		[24, "R8", "T", 455, 1760, 90],
		[25, "R9", "T", 1604, 1315, 270],
		[26, "R10", "T", 1435, 1315, 270],
		[27, "R11", "T", 220, 815, 0],
		[28, "R12", "T", 1448.32, 482.63, 90],
		[29, "R13", "T", 220, 250, 0],
		[30, "R14", "T", 1448.32, 618.63, 90],
		[31, "R15", "T", 1739.2, 640, 180],
		[32, "SW1", "T", 1892, 470, 270],
		[33, "SW2", "T", 1892, 815, 270],
		[34, "TP1", "T", 118.11, 118.11, 0],
		[35, "TP2", "T", 118.11, 1850.39, 0],
		[36, "TP3", "T", 1850.39, 118.11, 0],
		[37, "TP4", "T", 1850.39, 1850.39, 0],
		[38, "U1", "T", 480, 190, 90],
		[39, "U2", "T", 743, 1275, 90],
		[40, "U3", "T", 1525.13, 1721.12, 270],
		[41, "U4", "T", 1830, 1387.51, 270],
		[42, "U5", "T", 1515, 220, 0],
		[43, "USB1", "T", 200, 530, 270]
	]
},
"pins": {
	"fields": ["PIN_NO", "PIN_NAME", "PIN_X", "PIN_Y", "LAYER", "PIN_TYPE", "NET_NAME", "NET_TYPE", "PAD_SHAPE", "PAD_SIZEX", "PAD_SIZEY", "HOLE_SIZE", "PAD_ANGLE"],
	"rows": [
		[1, "C1_1", 444.56, 485, "T", "SMD", "GND", "GND", "R", 31.5, 35.43, 0, 180],
		[2, "C1_2", 389.44, 485, "T", "SMD", "5V", "", "R", 31.5, 35.43, 0, 180],
		[3, "C2_1", 444.56, 403, "T", "SMD", "GND", "GND", "R", 31.5, 35.43, 0, 180],
		[4, "C2_2", 389.44, 403, "T", "SMD", "5V", "", "R", 31.5, 35.43, 0, 180],
		[5, "C3_1", 662.56, 65, "T", "SMD", "GND", "GND", "R", 31.5, 35.43, 0, 180],
		[6, "C3_2", 607.44, 65, "T", "SMD", "3V3", "", "R", 31.5, 35.43, 0, 180],
		[7, "C4_1", 660, 327.56, "T", "SMD", "GND", "GND", "R", 31.5, 35.43, 0, 270],
		[8, "C4_2", 660, 272.44, "T", "SMD", "3V3", "", "R", 31.5, 35.43, 0, 270],
		[9, "C5_1", 1714.44, 465, "T", "SMD", "GND", "GND", "R", 31.5, 35.43, 0, 0],
		[10, "C5_2", 1769.56, 465, "T", "SMD", "EN", "", "R", 31.5, 35.43, 0, 0],
		[11, "C6_1", 1714.44, 809, "T", "SMD", "GND", "GND", "R", 31.5, 35.43, 0, 0],
		[12, "C6_2", 1769.56, 809, "T", "SMD", "IO15", "", "R", 31.5, 35.43, 0, 0],
		[13, "C7_1", 1635, 1692.44, "T", "SMD", "3V3", "", "R", 31.5, 35.43, 0, 90],
		[14, "C7_2", 1635, 1747.56, "T", "SMD", "GND", "GND", "R", 31.5, 35.43, 0, 90],
		[15, "C8_1", 1519.21, 1487.56, "T", "SMD", "GND", "GND", "R", 31.5, 35.43, 0, 270],
		[16, "C8_2", 1519.21, 1432.44, "T", "SMD", "IO33", "", "R", 31.5, 35.43, 0, 270],
		[17, "C9_1", 1340, 512.38, "T", "SMD", "GND", "GND", "R", 31.5, 35.43, 0, 270],
		[18, "C9_2", 1340, 457.26, "T", "SMD", "3V3", "", "R", 31.5, 35.43, 0, 270],
		[19, "C10_1", 1603.62, 1487.55, "T", "SMD", "GND", "GND", "R", 31.5, 35.43, 0, 270],
		[20, "C10_2", 1603.62, 1432.43, "T", "SMD", "IO32", "", "R", 31.5, 35.43, 0, 270],
		[21, "C11_1", 1435, 1487.56, "T", "SMD", "GND", "GND", "R", 31.5, 35.43, 0, 270],
		[22, "C11_2", 1435, 1432.44, "T", "SMD", "IO35", "", "R", 31.5, 35.43, 0, 270],
		[23, "H1_1", 784.25, 409, "T", "DIP", "IO26", "", "R", 70, 70.87, 43.31, 180],
		[24, "H1_1", 784.25, 409, "B", "DIP", "IO26", "", "R", 70, 70.87, 43.31, 180],
		[25, "H1_2", 784.25, 509, "T", "DIP", "IO25", "", "C", 70.87, 70.87, 43.31, 180],
		[26, "H1_2", 784.25, 509, "B", "DIP", "IO25", "", "C", 70.87, 70.87, 43.31, 180],
		[27, "H1_3", 884.25, 409, "T", "DIP", "IO14", "", "C", 70.87, 70.87, 43.31, 180],
		[28, "H1_3", 884.25, 409, "B", "DIP", "IO14", "", "C", 70.87, 70.87, 43.31, 180],
		[29, "H1_4", 884.25, 509, "T", "DIP", "IO27", "", "C", 70.87, 70.87, 43.31, 180],
		[30, "H1_4", 884.25, 509, "B", "DIP", "IO27", "", "C", 70.87, 70.87, 43.31, 180],
		[31, "H1_5", 984.25, 409, "T", "DIP", "VP", "", "C", 70.87, 70.87, 43.31, 180],
		[32, "H1_5", 984.25, 409, "B", "DIP", "VP", "", "C", 70.87, 70.87, 43.31, 180],
		[33, "H1_6", 984.25, 509, "T", "DIP", "VN", "", "C", 70.87, 70.87, 43.31, 180],
		[34, "H1_6", 984.25, 509, "B", "DIP", "VN", "", "C", 70.87, 70.87, 43.31, 180],
		[35, "H1_7", 1084.25, 409, "T", "DIP", "3V3", "", "C", 70.87, 70.87, 43.31, 180],
		[36, "H1_7", 1084.25, 409, "B", "DIP", "3V3", "", "C", 70.87, 70.87, 43.31, 180],
		[37, "H1_8", 1084.25, 509, "T", "DIP", "5V", "", "C", 70.87, 70.87, 43.31, 180],
		[38, "H1_8", 1084.25, 509, "B", "DIP", "5V", "", "C", 70.87, 70.87, 43.31, 180],
		[39, "H1_9", 1184.25, 409, "T", "DIP", "GND", "GND", "C", 70.87, 70.87, 43.31, 180],
		[40, "H1_9", 1184.25, 409, "B", "DIP", "GND", "GND", "C", 70.87, 70.87, 43.31, 180],
		[41, "H1_10", 1184.25, 509, "T", "DIP", "GND", "GND", "C", 70.87, 70.87, 43.31, 180],
		[42, "H1_10", 1184.25, 509, "B", "DIP", "GND", "GND", "C", 70.87, 70.87, 43.31, 180],
		[43, "H3_1", 860, 1760, "T", "DIP", "GND", "GND", "R", 66.93, 66.93, 43.31, 0],
		[44, "H3_1", 860, 1760, "B", "DIP", "GND", "GND", "R", 66.93, 66.93, 43.31, 0],
		[45, "H3_2", 960, 1760, "T", "DIP", "3V3", "", "C", 66.93, 66.93, 43.31, 0],
		[46, "H3_2", 960, 1760, "B", "DIP", "3V3", "", "C", 66.93, 66.93, 43.31, 0],
		[47, "H3_3", 1060, 1760, "T", "DIP", "IO22", "", "C", 66.93, 66.93, 43.31, 0],
		[48, "H3_3", 1060, 1760, "B", "DIP", "IO22", "", "C", 66.93, 66.93, 43.31, 0],
		[49, "H3_4", 1160, 1760, "T", "DIP", "IO21", "", "C", 66.93, 66.93, 43.31, 0],
		[50, "H3_4", 1160, 1760, "B", "DIP", "IO21", "", "C", 66.93, 66.93, 43.31, 0],
		[51, "LED1_1", 260.53, 85, "T", "SMD", "$1N5038", "", "R", 39.37, 35.43, 0, 270],
		[52, "LED1_2", 327.47, 85, "T", "SMD", "GND", "GND", "R", 39.37, 35.43, 0, 270],
		[53, "Q1_1", 1521.86, 512.03, "T", "SMD", "$1N4975", "", "R", 40.85, 20.95, 0, 180],
		[54, "Q1_2", 1521.86, 437.23, "T", "SMD", "RTS", "", "R", 40.85, 20.95, 0, 180],
		[55, "Q1_3", 1608.59, 474.63, "T", "SMD", "EN", "", "R", 40.85, 20.95, 0, 180],
		[56, "Q2_1", 1521.86, 647.96, "T", "SMD", "$1N4976", "", "R", 40.85, 20.95, 0, 180],
		[57, "Q2_2", 1521.86, 573.16, "T", "SMD", "DTR", "", "R", 40.85, 20.95, 0, 180],
		[58, "Q2_3", 1608.59, 610.56, "T", "SMD", "IO0", "", "R", 40.85, 20.95, 0, 180],
		[59, "R1_1", 1768.86, 537, "T", "SMD", "EN", "", "R", 31.75, 34.02, 0, 180],
		[60, "R1_2", 1709.54, 537, "T", "SMD", "3V3", "", "R", 31.75, 34.02, 0, 180],
		[61, "R2_1", 1768.86, 882, "T", "SMD", "IO15", "", "R", 31.75, 34.02, 0, 180],
		[62, "R2_2", 1709.54, 882, "T", "SMD", "3V3", "", "R", 31.75, 34.02, 0, 180],
		[63, "R3_1", 1340, 1751.85, "T", "SMD", "IO18", "", "R", 31.75, 34.02, 0, 270],
		[64, "R3_2", 1340, 1692.53, "T", "SMD", "3V3", "", "R", 31.75, 34.02, 0, 270],
		[65, "R4_1", 1410, 1751.85, "T", "SMD", "IO19", "", "R", 31.75, 34.02, 0, 270],
		[66, "R4_2", 1410, 1692.53, "T", "SMD", "3V3", "", "R", 31.75, 34.02, 0, 270],
		[67, "R5_1", 294.66, 170, "T", "SMD", "5V", "", "R", 31.75, 34.02, 0, 180],
		[68, "R5_2", 235.34, 170, "T", "SMD", "$1N5038", "", "R", 31.75, 34.02, 0, 180],
		[69, "R6_1", 1519, 1344.66, "T", "SMD", "IO33", "", "R", 31.75, 34.02, 0, 270],
		[70, "R6_2", 1519, 1285.34, "T", "SMD", "3V3", "", "R", 31.75, 34.02, 0, 270],
		[71, "R7_1", 545.34, 1770, "T", "SMD", "RXD0", "", "R", 31.75, 34.02, 0, 0],
		[72, "R7_2", 604.66, 1770, "T", "SMD", "$1N4983", "", "R", 31.75, 34.02, 0, 0],
		[73, "R8_1", 455, 1730.34, "T", "SMD", "TXD0", "", "R", 31.75, 34.02, 0, 90],
		[74, "R8_2", 455, 1789.66, "T", "SMD", "$1N4984", "", "R", 31.75, 34.02, 0, 90],
		[75, "R9_1", 1604, 1344.66, "T", "SMD", "IO32", "", "R", 31.75, 34.02, 0, 270],
		[76, "R9_2", 1604, 1285.34, "T", "SMD", "3V3", "", "R", 31.75, 34.02, 0, 270],
		[77, "R10_1", 1435, 1344.66, "T", "SMD", "IO35", "", "R", 31.75, 34.02, 0, 270],
		[78, "R10_2", 1435, 1285.34, "T", "SMD", "3V3", "", "R", 31.75, 34.02, 0, 270],
		[79, "R11_1", 190.34, 815, "T", "SMD", "$1N4957", "", "R", 31.75, 34.02, 0, 0],
		[80, "R11_2", 249.66, 815, "T", "SMD", "GND", "GND", "R", 31.75, 34.02, 0, 0],
		[81, "R12_1", 1448.32, 452.97, "T", "SMD", "DTR", "", "R", 31.75, 34.02, 0, 90],
		[82, "R12_2", 1448.32, 512.29, "T", "SMD", "$1N4975", "", "R", 31.75, 34.02, 0, 90],
		[83, "R13_1", 190.34, 250, "T", "SMD", "$1N4967", "", "R", 31.75, 34.02, 0, 0],
		[84, "R13_2", 249.66, 250, "T", "SMD", "GND", "GND", "R", 31.75, 34.02, 0, 0],
		[85, "R14_1", 1448.32, 588.97, "T", "SMD", "RTS", "", "R", 31.75, 34.02, 0, 90],
		[86, "R14_2", 1448.32, 648.29, "T", "SMD", "$1N4976", "", "R", 31.75, 34.02, 0, 90],
		[87, "R15_1", 1768.86, 640, "T", "SMD", "IO0", "", "R", 31.75, 34.02, 0, 180],
		[88, "R15_2", 1709.54, 640, "T", "SMD", "3V3", "", "R", 31.75, 34.02, 0, 180],
		[89, "SW1_1", 1930.38, 553.66, "T", "SMD", "GND", "GND", "P", 51.18, 41.34, 0, 270],
		[90, "SW1_2", 1930.38, 386.34, "T", "SMD", "GND", "GND", "P", 51.18, 41.34, 0, 270],
		[91, "SW1_3", 1853.61, 536.93, "T", "SMD", "EN", "", "R", 23.62, 47.24, 0, 90],
		[92, "SW1_4", 1853.61, 403.08, "T", "SMD", "GND", "GND", "R", 23.62, 47.24, 0, 90],
		[93, "SW2_1", 1930.38, 898.66, "T", "SMD", "GND", "GND", "P", 51.18, 41.34, 0, 270],
		[94, "SW2_2", 1930.38, 731.34, "T", "SMD", "GND", "GND", "P", 51.18, 41.34, 0, 270],
		[95, "SW2_3", 1853.61, 881.93, "T", "SMD", "IO15", "", "R", 23.62, 47.24, 0, 90],
		[96, "SW2_4", 1853.61, 748.08, "T", "SMD", "GND", "GND", "R", 23.62, 47.24, 0, 90],
		[97, "TP1_1", 118.11, 118.11, "T", "DIP", "TP1_1", "", "C", 78.74, 78.74, 78.74, 0],
		[98, "TP1_1", 118.11, 118.11, "B", "DIP", "TP1_1", "", "C", 78.74, 78.74, 78.74, 0],
		[99, "TP2_1", 118.11, 1850.39, "T", "DIP", "TP2_1", "", "C", 78.74, 78.74, 78.74, 0],
		[100, "TP2_1", 118.11, 1850.39, "B", "DIP", "TP2_1", "", "C", 78.74, 78.74, 78.74, 0],
		[101, "TP3_1", 1850.39, 118.11, "T", "DIP", "TP3_1", "", "C", 78.74, 78.74, 78.74, 0],
		[102, "TP3_1", 1850.39, 118.11, "B", "DIP", "TP3_1", "", "C", 78.74, 78.74, 78.74, 0],
		[103, "TP4_1", 1850.39, 1850.39, "T", "DIP", "TP4_1", "", "C", 78.74, 78.74, 78.74, 0],
		[104, "TP4_1", 1850.39, 1850.39, "B", "DIP", "TP4_1", "", "C", 78.74, 78.74, 78.74, 0],
		[105, "U1_1", 570.55, 306.93, "T", "SMD", "GND", "GND", "R", 98.42, 43.31, 0, 90],
		[106, "U1_2", 480, 306.93, "T", "SMD", "3V3", "", "R", 98.42, 43.31, 0, 90],
		[107, "U1_3", 389.45, 306.93, "T", "SMD", "5V", "", "R", 98.42, 43.31, 0, 90],
		[108, "U1_4", 480, 73.07, "T", "SMD", "3V3", "", "R", 92.13, 141.73, 0, 90],
		[109, "U2_1", 293, 920.68, "T", "SMD", "GND", "GND", "R", 78.74, 35.43, 0, 90],
		[110, "U2_2", 343, 920.68, "T", "SMD", "3V3", "", "R", 78.74, 35.43, 0, 90],
		[111, "U2_3", 393, 920.68, "T", "SMD", "EN", "", "R", 78.74, 35.43, 0, 90],
		[112, "U2_4", 443, 920.68, "T", "SMD", "VP", "", "R", 78.74, 35.43, 0, 90],
		[113, "U2_5", 493, 920.68, "T", "SMD", "VN", "", "R", 78.74, 35.43, 0, 90],
		[114, "U2_6", 543, 920.68, "T", "SMD", "U2_6", "", "R", 78.74, 35.43, 0, 90],
		[115, "U2_7", 593, 920.68, "T", "SMD", "IO35", "", "R", 78.74, 35.43, 0, 90],
		[116, "U2_8", 643, 920.68, "T", "SMD", "IO32", "", "R", 78.74, 35.43, 0, 90],
		[117, "U2_9", 693, 920.68, "T", "SMD", "IO33", "", "R", 78.74, 35.43, 0, 90],
		[118, "U2_10", 743, 920.68, "T", "SMD", "IO25", "", "R", 78.74, 35.43, 0, 90],
		[119, "U2_11", 793, 920.68, "T", "SMD", "IO26", "", "R", 78.74, 35.43, 0, 90],
		[120, "U2_12", 843, 920.68, "T", "SMD", "IO27", "", "R", 78.74, 35.43, 0, 90],
		[121, "U2_13", 893, 920.68, "T", "SMD", "IO14", "", "R", 78.74, 35.43, 0, 90],
		[122, "U2_14", 943, 920.68, "T", "SMD", "U2_14", "", "R", 78.74, 35.43, 0, 90],
		[123, "U2_15", 993, 920.68, "T", "SMD", "GND", "GND", "R", 78.74, 35.43, 0, 90],
		[124, "U2_16", 1043, 920.68, "T", "SMD", "U2_16", "", "R", 78.74, 35.43, 0, 90],
		[125, "U2_17", 1093, 920.68, "T", "SMD", "U2_17", "", "R", 78.74, 35.43, 0, 90],
		[126, "U2_18", 1143, 920.68, "T", "SMD", "U2_18", "", "R", 78.74, 35.43, 0, 90],
		[127, "U2_19", 1193, 920.68, "T", "SMD", "U2_19", "", "R", 78.74, 35.43, 0, 90],
		[128, "U2_20", 1193, 1629.33, "T", "SMD", "U2_20", "", "R", 78.74, 35.43, 0, 90],
		[129, "U2_21", 1143, 1629.33, "T", "SMD", "U2_21", "", "R", 78.74, 35.43, 0, 90],
		[130, "U2_22", 1093, 1629.33, "T", "SMD", "U2_22", "", "R", 78.74, 35.43, 0, 90],
		[131, "U2_23", 1043, 1629.33, "T", "SMD", "IO15", "", "R", 78.74, 35.43, 0, 90],
		[132, "U2_24", 993, 1629.33, "T", "SMD", "U2_24", "", "R", 78.74, 35.43, 0, 90],
		[133, "U2_25", 943, 1629.33, "T", "SMD", "IO0", "", "R", 78.74, 35.43, 0, 90],
		[134, "U2_26", 893, 1629.33, "T", "SMD", "U2_26", "", "R", 78.74, 35.43, 0, 90],
		[135, "U2_27", 843, 1629.33, "T", "SMD", "U2_27", "", "R", 78.74, 35.43, 0, 90],
		[136, "U2_28", 793, 1629.33, "T", "SMD", "U2_28", "", "R", 78.74, 35.43, 0, 90],
		[137, "U2_29", 743, 1629.33, "T", "SMD", "U2_29", "", "R", 78.74, 35.43, 0, 90],
		[138, "U2_30", 693, 1629.33, "T", "SMD", "IO18", "", "R", 78.74, 35.43, 0, 90],
		[139, "U2_31", 643, 1629.33, "T", "SMD", "IO19", "", "R", 78.74, 35.43, 0, 90],
		[140, "U2_32", 593, 1629.33, "T", "SMD", "U2_32", "", "R", 78.74, 35.43, 0, 90],
		[141, "U2_33", 543, 1629.33, "T", "SMD", "IO21", "", "R", 78.74, 35.43, 0, 90],
		[142, "U2_34", 493, 1629.33, "T", "SMD", "RXD0", "", "R", 78.74, 35.43, 0, 90],
		[143, "U2_35", 443, 1629.33, "T", "SMD", "TXD0", "", "R", 78.74, 35.43, 0, 90],
		[144, "U2_36", 393, 1629.33, "T", "SMD", "IO22", "", "R", 78.74, 35.43, 0, 90],
		[145, "U2_37", 343, 1629.33, "T", "SMD", "U2_37", "", "R", 78.74, 35.43, 0, 90],
		[146, "U2_38", 293, 1629.33, "T", "SMD", "GND", "GND", "R", 78.74, 35.43, 0, 90],
		[147, "U2_39", 588.27, 1235.63, "T", "SMD", "GND", "GND", "R", 52.36, 52.36, 0, 90],
		[148, "U2_39", 588.27, 1163.38, "T", "SMD", "GND", "GND", "R", 52.36, 52.36, 0, 90],
		[149, "U2_39", 588.27, 1307.87, "T", "SMD", "GND", "GND", "R", 52.36, 52.36, 0, 90],
		[150, "U2_39", 516.03, 1163.38, "T", "SMD", "GND", "GND", "R", 52.36, 52.36, 0, 90],
		[151, "U2_39", 516.03, 1235.63, "T", "SMD", "GND", "GND", "R", 52.36, 52.36, 0, 90],
		[152, "U2_39", 516.03, 1307.88, "T", "SMD", "GND", "GND", "R", 52.36, 52.36, 0, 90],
		[153, "U2_39", 660.51, 1163.38, "T", "SMD", "GND", "GND", "R", 52.36, 52.36, 0, 90],
		[154, "U2_39", 660.51, 1235.63, "T", "SMD", "GND", "GND", "R", 52.36, 52.36, 0, 90],
		[155, "U2_39", 660.51, 1307.87, "T", "SMD", "GND", "GND", "R", 52.36, 52.36, 0, 90],
		[156, "U3_1", 1477.88, 1750.65, "T", "SMD", "IO18", "", "R", 9.84, 27.56, 0, 270],
		[157, "U3_2", 1477.88, 1730.97, "T", "SMD", "GND", "GND", "R", 9.84, 27.56, 0, 270],
		[158, "U3_3", 1477.88, 1711.28, "T", "SMD", "U3_3", "", "R", 9.84, 27.56, 0, 270],
		[159, "U3_4", 1477.88, 1691.59, "T", "SMD", "IO19", "", "R", 9.84, 27.56, 0, 270],
		[160, "U3_5", 1572.37, 1691.59, "T", "SMD", "3V3", "", "R", 9.84, 27.56, 0, 270],
		[161, "U3_6", 1572.37, 1711.28, "T", "SMD", "U3_6", "", "R", 9.84, 27.56, 0, 270],
		[162, "U3_7", 1572.37, 1730.97, "T", "SMD", "GND", "GND", "R", 9.84, 27.56, 0, 270],
		[163, "U3_8", 1572.37, 1750.65, "T", "SMD", "GND", "GND", "R", 9.84, 27.56, 0, 270],
		[164, "U3_9", 1525.12, 1721.12, "T", "SMD", "GND", "GND", "R", 70.87, 43.31, 0, 270],
		[165, "U4_1", 1738.46, 1485.94, "T", "SMD", "IO35", "", "R", 74.8, 74.8, 0, 270],
		[166, "U4_2", 1738.46, 1387.51, "T", "SMD", "IO32", "", "R", 74.8, 74.8, 0, 270],
		[167, "U4_3", 1738.46, 1289.09, "T", "SMD", "IO33", "", "R", 74.8, 74.8, 0, 270],
		[168, "U4_4", 1921.54, 1174.92, "T", "SMD", "GND", "GND", "R", 62.99, 62.99, 0, 270],
		[169, "U4_5", 1921.54, 1600.11, "T", "SMD", "GND", "GND", "R", 62.99, 62.99, 0, 270],
		[170, "U5_1", 1340, 106.91, "T", "SMD", "GND", "GND", "O", 22.05, 68.7, 0, 0],
		[171, "U5_2", 1390, 106.91, "T", "SMD", "$1N4983", "", "O", 22.05, 68.7, 0, 0],
		[172, "U5_3", 1440, 106.91, "T", "SMD", "$1N4984", "", "O", 22.05, 68.7, 0, 0],
		[173, "U5_4", 1490, 106.91, "T", "SMD", "3V3", "", "O", 22.05, 68.7, 0, 0],
		[174, "U5_5", 1540, 106.91, "T", "SMD", "USB_D+", "", "O", 22.05, 68.7, 0, 0],
		[175, "U5_6", 1590, 106.91, "T", "SMD", "USB_D-", "", "O", 22.05, 68.7, 0, 0],
		[176, "U5_7", 1640, 106.91, "T", "SMD", "U5_7", "", "O", 22.05, 68.7, 0, 0],
		[177, "U5_8", 1690, 106.91, "T", "SMD", "U5_8", "", "O", 22.05, 68.7, 0, 0],
		[178, "U5_9", 1690, 333.09, "T", "SMD", "U5_9", "", "O", 22.05, 68.7, 0, 0],
		[179, "U5_10", 1640, 333.09, "T", "SMD", "U5_10", "", "O", 22.05, 68.7, 0, 0],
		[180, "U5_11", 1590, 333.09, "T", "SMD", "U5_11", "", "O", 22.05, 68.7, 0, 0],
		[181, "U5_12", 1540, 333.09, "T", "SMD", "U5_12", "", "O", 22.05, 68.7, 0, 0],
		[182, "U5_13", 1490, 333.09, "T", "SMD", "DTR", "", "O", 22.05, 68.7, 0, 0],
		[183, "U5_14", 1440, 333.09, "T", "SMD", "RTS", "", "O", 22.05, 68.7, 0, 0],
		[184, "U5_15", 1390, 333.09, "T", "SMD", "U5_15", "", "O", 22.05, 68.7, 0, 0],
		[185, "U5_16", 1340, 333.09, "T", "SMD", "3V3", "", "O", 22.05, 68.7, 0, 0],
		[186, "USB1_0", 274.45, 734.72, "T", "SMD", "GND", "GND", "R", 66.93, 47.24, 0, 270],
		[187, "USB1_0", 274.45, 325.28, "T", "SMD", "GND", "GND", "R", 66.93, 47.24, 0, 270],
		[188, "USB1_0", 109.09, 734.72, "T", "SMD", "GND", "GND", "R", 66.93, 59.05, 0, 270],
		[189, "USB1_0", 109.09, 325.28, "T", "SMD", "GND", "GND", "R", 66.93, 59.05, 0, 270],
		[190, "USB1_A1", 290.88, 655.98, "T", "SMD", "GND", "GND", "R", 19.68, 44.88, 0, 270],
		[191, "USB1_A12", 290.88, 404.02, "T", "SMD", "GND", "GND", "R", 19.68, 44.88, 0, 270],
		[192, "USB1_A4", 290.88, 624.49, "T", "SMD", "5V", "", "R", 19.68, 44.88, 0, 270],
		[193, "USB1_A5", 290.88, 579.21, "T", "SMD", "$1N4957", "", "R", 11.81, 44.88, 0, 270],
		[194, "USB1_A6", 290.88, 539.84, "T", "SMD", "USB_D+", "", "R", 11.81, 44.88, 0, 270],
		[195, "USB1_A7", 290.88, 520.16, "T", "SMD", "USB_D-", "", "R", 11.81, 44.88, 0, 270],
		[196, "USB1_A8", 290.91, 480.8, "T", "SMD", "USB1_A8", "", "R", 11.81, 44.88, 0, 270],
		[197, "USB1_A9", 290.88, 435.51, "T", "SMD", "5V", "", "R", 19.68, 44.88, 0, 270],
		[198, "USB1_B5", 290.88, 461.1, "T", "SMD", "$1N4967", "", "R", 11.81, 44.88, 0, 270],
		[199, "USB1_B6", 290.88, 500.47, "T", "SMD", "USB_D+", "", "R", 11.81, 44.88, 0, 270],
		[200, "USB1_B7", 290.88, 559.53, "T", "SMD", "USB_D-", "", "R", 11.81, 44.88, 0, 270],
		[201, "USB1_B8", 290.91, 598.9, "T", "SMD", "USB1_B8", "", "R", 11.81, 44.88, 0, 270]
	]
}
}